case_id,case_label,status,run_root,summary_json,phase33_context_npz,phase33_patient_material_tags_bin,combined_dose_npz,combined_dose_csv,final_ptv_d95_gy,final_peak_mean_gy,final_pvdr,kept_vertex_count,topas_padding_applied
case01,Right sinonasal / maxillary bulky ellipsoid,completed,/Users/kw/Documents/Playground/vhee_topas/runs/phase33_phase32_topas_cohort/case01,/Users/kw/Documents/Playground/vhee_topas/runs/phase33_phase32_topas_cohort/case01/phase33_case_summary.json,/Users/kw/Documents/Playground/vhee_topas/runs/phase33_phase32_topas_cohort/case01/phase33_context.npz,/Users/kw/Documents/Playground/vhee_topas/runs/phase33_phase32_topas_cohort/case01/phase33_patient_material_tags.bin,/Users/kw/Documents/Playground/vhee_topas/runs/phase33_phase32_topas_cohort/case01/phase33_combined_physical_dose.npz,/Users/kw/Documents/Playground/vhee_topas/runs/phase33_phase32_topas_cohort/case01/phase33_combined_physical_dose.csv,3.5000001788139343,13.828252007525254,1.7942250613848219,2,True
case02,Left maxillary sinus crescent abutting orbit,completed,/Users/kw/Documents/Playground/vhee_topas/runs/phase33_phase32_topas_cohort/case02,/Users/kw/Documents/Playground/vhee_topas/runs/phase33_phase32_topas_cohort/case02/phase33_case_summary.json,/Users/kw/Documents/Playground/vhee_topas/runs/phase33_phase32_topas_cohort/case02/phase33_context.npz,/Users/kw/Documents/Playground/vhee_topas/runs/phase33_phase32_topas_cohort/case02/phase33_patient_material_tags.bin,/Users/kw/Documents/Playground/vhee_topas/runs/phase33_phase32_topas_cohort/case02/phase33_combined_physical_dose.npz,/Users/kw/Documents/Playground/vhee_topas/runs/phase33_phase32_topas_cohort/case02/phase33_combined_physical_dose.csv,3.5,13.80194852374849,1.7966069888665888,2,True
case03,Base-of-tongue / oropharynx bilobed central mass,completed,/Users/kw/Documents/Playground/vhee_topas/runs/phase33_phase32_topas_cohort/case03,/Users/kw/Documents/Playground/vhee_topas/runs/phase33_phase32_topas_cohort/case03/phase33_case_summary.json,/Users/kw/Documents/Playground/vhee_topas/runs/phase33_phase32_topas_cohort/case03/phase33_context.npz,/Users/kw/Documents/Playground/vhee_topas/runs/phase33_phase32_topas_cohort/case03/phase33_patient_material_tags.bin,/Users/kw/Documents/Playground/vhee_topas/runs/phase33_phase32_topas_cohort/case03/phase33_combined_physical_dose.npz,/Users/kw/Documents/Playground/vhee_topas/runs/phase33_phase32_topas_cohort/case03/phase33_combined_physical_dose.csv,3.5000001192092896,14.233529468502704,1.6557359939167076,3,True
case04,Laryngo-hypopharyngeal elongated cylinder,completed,/Users/kw/Documents/Playground/vhee_topas/runs/phase33_phase32_topas_cohort/case04,/Users/kw/Documents/Playground/vhee_topas/runs/phase33_phase32_topas_cohort/case04/phase33_case_summary.json,/Users/kw/Documents/Playground/vhee_topas/runs/phase33_phase32_topas_cohort/case04/phase33_context.npz,/Users/kw/Documents/Playground/vhee_topas/runs/phase33_phase32_topas_cohort/case04/phase33_patient_material_tags.bin,/Users/kw/Documents/Playground/vhee_topas/runs/phase33_phase32_topas_cohort/case04/phase33_combined_physical_dose.npz,/Users/kw/Documents/Playground/vhee_topas/runs/phase33_phase32_topas_cohort/case04/phase33_combined_physical_dose.csv,3.4999999046325683,13.835010256618261,1.9199070266211269,1,True
case05,Parapharyngeal / prestyloid deep-space bulky mass,completed,/Users/kw/Documents/Playground/vhee_topas/runs/phase33_phase32_topas_cohort/case05,/Users/kw/Documents/Playground/vhee_topas/runs/phase33_phase32_topas_cohort/case05/phase33_case_summary.json,/Users/kw/Documents/Playground/vhee_topas/runs/phase33_phase32_topas_cohort/case05/phase33_context.npz,/Users/kw/Documents/Playground/vhee_topas/runs/phase33_phase32_topas_cohort/case05/phase33_patient_material_tags.bin,/Users/kw/Documents/Playground/vhee_topas/runs/phase33_phase32_topas_cohort/case05/phase33_combined_physical_dose.npz,/Users/kw/Documents/Playground/vhee_topas/runs/phase33_phase32_topas_cohort/case05/phase33_combined_physical_dose.csv,3.4999999046325683,13.806424663238918,2.0117584786890403,3,True
case06,Buccal mucosa / cheek infiltrative crescent,completed,/Users/kw/Documents/Playground/vhee_topas/runs/phase33_phase32_topas_cohort/case06,/Users/kw/Documents/Playground/vhee_topas/runs/phase33_phase32_topas_cohort/case06/phase33_case_summary.json,/Users/kw/Documents/Playground/vhee_topas/runs/phase33_phase32_topas_cohort/case06/phase33_context.npz,/Users/kw/Documents/Playground/vhee_topas/runs/phase33_phase32_topas_cohort/case06/phase33_patient_material_tags.bin,/Users/kw/Documents/Playground/vhee_topas/runs/phase33_phase32_topas_cohort/case06/phase33_combined_physical_dose.npz,/Users/kw/Documents/Playground/vhee_topas/runs/phase33_phase32_topas_cohort/case06/phase33_combined_physical_dose.csv,3.499999833106995,13.861065228780111,1.7061907148943334,1,True
case07,Oral tongue / floor-of-mouth horseshoe,completed,/Users/kw/Documents/Playground/vhee_topas/runs/phase33_phase32_topas_cohort/case07,/Users/kw/Documents/Playground/vhee_topas/runs/phase33_phase32_topas_cohort/case07/phase33_case_summary.json,/Users/kw/Documents/Playground/vhee_topas/runs/phase33_phase32_topas_cohort/case07/phase33_context.npz,/Users/kw/Documents/Playground/vhee_topas/runs/phase33_phase32_topas_cohort/case07/phase33_patient_material_tags.bin,/Users/kw/Documents/Playground/vhee_topas/runs/phase33_phase32_topas_cohort/case07/phase33_combined_physical_dose.npz,/Users/kw/Documents/Playground/vhee_topas/runs/phase33_phase32_topas_cohort/case07/phase33_combined_physical_dose.csv,3.5000000953674317,13.689966307953,2.1613267665900513,2,True
case08,Bulky nodal conglomerate level II-IV with central necrosis,completed,/Users/kw/Documents/Playground/vhee_topas/runs/phase33_phase32_topas_cohort/case08,/Users/kw/Documents/Playground/vhee_topas/runs/phase33_phase32_topas_cohort/case08/phase33_case_summary.json,/Users/kw/Documents/Playground/vhee_topas/runs/phase33_phase32_topas_cohort/case08/phase33_context.npz,/Users/kw/Documents/Playground/vhee_topas/runs/phase33_phase32_topas_cohort/case08/phase33_patient_material_tags.bin,/Users/kw/Documents/Playground/vhee_topas/runs/phase33_phase32_topas_cohort/case08/phase33_combined_physical_dose.npz,/Users/kw/Documents/Playground/vhee_topas/runs/phase33_phase32_topas_cohort/case08/phase33_combined_physical_dose.csv,3.500000047683716,13.970378084517579,1.6140858790872068,3,True
case09,Deep parotid / infratemporal fossa bulky mass,completed,/Users/kw/Documents/Playground/vhee_topas/runs/phase33_phase32_topas_cohort/case09,/Users/kw/Documents/Playground/vhee_topas/runs/phase33_phase32_topas_cohort/case09/phase33_case_summary.json,/Users/kw/Documents/Playground/vhee_topas/runs/phase33_phase32_topas_cohort/case09/phase33_context.npz,/Users/kw/Documents/Playground/vhee_topas/runs/phase33_phase32_topas_cohort/case09/phase33_patient_material_tags.bin,/Users/kw/Documents/Playground/vhee_topas/runs/phase33_phase32_topas_cohort/case09/phase33_combined_physical_dose.npz,/Users/kw/Documents/Playground/vhee_topas/runs/phase33_phase32_topas_cohort/case09/phase33_combined_physical_dose.csv,3.5000001430511474,14.765553460345172,1.8639824157560045,3,True
case10,Composite oropharynx + upper-neck very bulky tumour,completed,/Users/kw/Documents/Playground/vhee_topas/runs/phase33_phase32_topas_cohort/case10,/Users/kw/Documents/Playground/vhee_topas/runs/phase33_phase32_topas_cohort/case10/phase33_case_summary.json,/Users/kw/Documents/Playground/vhee_topas/runs/phase33_phase32_topas_cohort/case10/phase33_context.npz,/Users/kw/Documents/Playground/vhee_topas/runs/phase33_phase32_topas_cohort/case10/phase33_patient_material_tags.bin,/Users/kw/Documents/Playground/vhee_topas/runs/phase33_phase32_topas_cohort/case10/phase33_combined_physical_dose.npz,/Users/kw/Documents/Playground/vhee_topas/runs/phase33_phase32_topas_cohort/case10/phase33_combined_physical_dose.csv,3.5,14.210520298235455,1.645898441108816,4,True
